{
  "enabled": true,
  "geometry": "triangular",
  "temperature": 0.029411764705882353,
  "acousticVelocity": 0.47058823529411764,
  "phononLifetime": 0.021176470588235293,
  "interactionRadius": 1.0,
  "interactionForce": 0.01,
  "opacityLight": 0.4467647058823529,
  "opacityDark": 0.5632352941176471
}