{
  "enabled": true,
  "geometry": "square",
  "temperature": 0.029411764705882353,
  "acousticVelocity": 0.47058823529411764,
  "phononLifetime": 0.021176470588235293,
  "interactionRadius": 44.89705882352941,
  "interactionForce": 2.360588235294118,
  "opacityLight": 0.14102941176470588,
  "opacityDark": 0.1264705882352941
}